Campaign Name,Channel,Start Date,End Date,Spend ($),Impressions,Clicks,Conversions,Revenue ($)
Blitz 41,Email,8/1/2024,8/9/2024,4541.95,130251,3989,262,10558.09
Drive 70,Email,1/10/2024,2/9/2024,1215.22,111177,606,213,3172.24
Boost 56,Facebook,1/4/2024,1/29/2024,4238.72,120120,5315,1389,54883.97
Blast 77,LinkedIn,5/3/2024,5/29/2024,4483.23,81583,341,164,15366.33
Launch 50,LinkedIn,5/23/2024,6/5/2024,1135.14,94840,6601,2130,130245.59
Drive 52,YouTube,8/12/2024,8/27/2024,4936.76,185445,16651,4284,293584.59
Blast 20,Instagram,5/1/2024,5/29/2024,3629.27,145475,6555,1921,114146.19
Drive 67,Instagram,6/26/2024,7/4/2024,3508.42,186257,12788,5474,240905.66
Blast 29,Email,6/16/2024,6/23/2024,1907.09,88399,874,366,26307.48
Launch 41,Email,2/24/2024,3/20/2024,3137.67,61869,5546,1724,76009.54
Promo 18,YouTube,7/26/2024,8/6/2024,3736.47,16428,1179,434,4416.95
Launch 80,YouTube,3/9/2024,3/27/2024,1241.27,4372,437,187,12323.33
Launch 12,YouTube,3/5/2024,3/24/2024,1481.2,24270,1192,463,32126.64
Boost 51,Facebook,1/11/2024,1/25/2024,1870.05,45794,852,405,33775.01
Push 38,Facebook,7/7/2024,7/22/2024,816.83,151189,8376,1152,107245.93
Promo 22,LinkedIn,8/18/2024,9/5/2024,4063.89,107648,3173,633,25716.27
Boost 33,Facebook,8/23/2024,9/4/2024,1843.35,58867,3517,950,34294.41
Promo 36,Facebook,3/3/2024,3/27/2024,2470.8,137499,7185,2254,132920.74
Drive 67,Facebook,1/28/2024,2/27/2024,2411.64,29759,1999,995,16270.95
Blitz 8,Facebook,8/6/2024,8/13/2024,1691.61,140490,4429,570,53781.17
Boost 49,Instagram,4/21/2024,5/3/2024,1374.77,44340,1612,364,24644.55
Drive 60,Email,6/30/2024,7/18/2024,3707.12,161496,5404,884,24033.5
Push 99,Facebook,2/5/2024,2/27/2024,2724.18,76543,1197,16,367.8
Drive 77,Google Ads,8/25/2024,9/12/2024,1840.26,94645,6825,364,33260.45
Blast 63,Facebook,4/9/2024,4/18/2024,4194.99,153091,14501,5172,314686.37
Blitz 56,Google Ads,6/17/2024,7/16/2024,3176.9,16604,1227,525,40465.2
Push 61,LinkedIn,5/16/2024,6/6/2024,4049.57,182421,13045,4990,330404.48
Blast 34,YouTube,8/25/2024,9/5/2024,4697.02,120828,2349,1022,47496.53
Boost 1,YouTube,4/12/2024,5/2/2024,3955.68,111479,4780,405,10341.97
Launch 19,Instagram,4/23/2024,5/19/2024,4928.05,4840,219,86,2007.98
Drive 82,Instagram,8/28/2024,9/19/2024,3326.48,45676,972,358,8656.54
Push 59,YouTube,5/24/2024,6/7/2024,3386.15,110499,5307,2039,52932.95
Drive 71,Google Ads,6/7/2024,6/28/2024,1641.54,195987,19416,1189,77475.45
Push 88,YouTube,7/6/2024,7/28/2024,4780.15,127366,8266,1435,99250.5
Launch 51,Google Ads,4/13/2024,5/6/2024,1097.73,71391,1560,296,19081.12
Blitz 60,Google Ads,3/31/2024,4/23/2024,1434.43,33781,2230,872,77237.92
Drive 17,Email,3/14/2024,4/7/2024,2374.14,132739,11605,4151,399250.36
Drive 83,Instagram,5/24/2024,6/11/2024,2340.75,58791,4343,1775,175936.63
Promo 11,Instagram,1/10/2024,2/5/2024,3351.78,53478,4154,2013,55248.66
Boost 26,Google Ads,1/7/2024,1/31/2024,630.8,33670,1410,181,10354.03
Drive 39,Email,2/1/2024,2/15/2024,4666.31,161153,5475,2421,144422.37
Launch 82,Email,4/9/2024,5/9/2024,1981.45,139100,13117,1601,146808.07
Blitz 84,Facebook,7/21/2024,7/31/2024,4015.59,152502,8128,308,23790.91
Promo 1,Instagram,7/15/2024,7/26/2024,791.27,190316,2683,988,86089.22
Promo 63,YouTube,4/24/2024,5/5/2024,4480.26,147709,11325,5257,208809.62
Drive 56,Instagram,7/2/2024,7/30/2024,2548.93,88995,7303,1718,108123.12
Boost 54,Facebook,3/15/2024,4/10/2024,2607.72,98786,6581,2849,132184.94
Promo 21,Instagram,6/17/2024,7/1/2024,1124.44,7120,423,140,10347.25
Drive 6,YouTube,8/24/2024,9/14/2024,3841.64,96779,6957,2869,228230.42
Boost 32,Facebook,7/18/2024,8/9/2024,3474.99,155156,11961,2662,222896.06
Promo 92,Google Ads,5/27/2024,6/12/2024,1614.26,144921,12573,715,36509.1
Promo 54,Google Ads,3/23/2024,4/2/2024,4087.7,140949,227,67,4841.02
Blast 54,Email,7/31/2024,8/12/2024,614.57,87277,4299,2022,82914.37
Push 57,YouTube,6/21/2024,7/3/2024,898.61,58029,865,213,15517.7
Boost 6,Email,4/23/2024,5/16/2024,1409.77,20392,1879,118,7958.64
Blitz 94,Instagram,4/29/2024,5/15/2024,1933.95,189136,1383,372,32052.32
Launch 62,LinkedIn,3/8/2024,4/6/2024,4025.2,134529,720,17,281.12
Boost 38,Google Ads,5/16/2024,5/27/2024,894.48,177132,1475,395,30690.73
Boost 79,Facebook,1/24/2024,2/17/2024,2875.08,175509,14429,659,16425.46
Push 93,Instagram,6/28/2024,7/23/2024,1024.22,89001,4150,1722,74033.56
Launch 19,Instagram,3/2/2024,3/17/2024,3111.22,19199,791,278,20993.31
Launch 98,YouTube,8/21/2024,9/10/2024,2802.72,125198,5646,2436,214312.76
Push 64,Email,8/24/2024,9/18/2024,2793.44,1171,105,39,1777.24
Promo 21,LinkedIn,6/10/2024,6/29/2024,1738.71,164514,4960,476,18227.74
Launch 34,Instagram,2/16/2024,3/5/2024,2231.5,173613,12881,4974,452276.44
Promo 98,YouTube,3/24/2024,4/12/2024,1091.21,39426,3344,291,18538.74
Blitz 10,YouTube,3/20/2024,4/12/2024,591.58,67506,3375,1066,90039.74
Promo 41,Instagram,3/12/2024,3/30/2024,3420.53,192859,3599,227,9441.79
Blast 59,Facebook,2/16/2024,3/2/2024,4608.78,134962,11651,853,26456.87
Boost 56,YouTube,4/13/2024,5/7/2024,4245.86,3864,357,160,3225.65
Blitz 57,Facebook,6/18/2024,7/13/2024,3360.5,7188,177,17,496.33
Drive 24,Instagram,3/28/2024,4/7/2024,2789.6,43620,3511,459,7967.16
Promo 36,YouTube,6/4/2024,6/23/2024,4742.52,147645,11588,5771,407054.91
Blast 40,Instagram,3/25/2024,4/6/2024,4134.95,97675,1364,435,8971.66
Drive 86,LinkedIn,6/15/2024,6/23/2024,4748.97,109914,5018,1376,109662.99
Blitz 29,Email,5/25/2024,6/14/2024,791.84,94082,5077,2208,156706.68
Promo 20,Google Ads,6/20/2024,6/28/2024,1662.37,51668,4776,1928,52249.94
Launch 5,Email,5/19/2024,6/16/2024,4212.4,165489,8904,1688,41851.5
Promo 49,YouTube,7/29/2024,8/11/2024,960.45,107779,6888,1525,27127.66
Boost 99,YouTube,1/4/2024,1/26/2024,4955.57,23418,795,182,15688.89
Promo 24,Instagram,5/10/2024,5/19/2024,2872.15,150172,10123,836,28085.76
Launch 67,LinkedIn,4/19/2024,5/19/2024,2407.55,193253,7640,2012,82399.58
Drive 34,Instagram,8/12/2024,8/20/2024,2749.25,168330,16361,3909,187606.05
Drive 50,Email,3/9/2024,4/1/2024,4009.22,105463,7669,2954,69627.54
Push 79,YouTube,4/17/2024,4/28/2024,4686.07,63351,5962,431,9191.6
Blitz 34,LinkedIn,5/13/2024,6/1/2024,2713.4,123594,7605,3275,184039.68
Drive 1,Google Ads,2/25/2024,3/20/2024,387.72,119806,2475,169,4543.05
Blast 97,YouTube,2/9/2024,2/17/2024,2325.77,147354,5484,672,13011.6
Blitz 58,Email,7/1/2024,7/26/2024,543.46,171213,15796,5644,113476.91
Launch 56,Email,1/17/2024,2/10/2024,1951.16,82819,2360,448,36845.25
Blitz 2,Instagram,3/31/2024,4/11/2024,3576.82,85918,5392,2398,200659.59
Promo 31,LinkedIn,6/10/2024,6/19/2024,4369.15,25396,473,168,10455.8
Push 22,YouTube,2/13/2024,3/2/2024,3277.16,68107,1101,160,2793.78
Boost 67,Facebook,5/27/2024,6/17/2024,2246.48,95510,1149,471,22859.88
Blast 59,LinkedIn,5/14/2024,5/29/2024,4881.51,39019,3291,1243,118417.46
Launch 73,Instagram,3/3/2024,3/21/2024,3700.74,111705,4169,1448,39076.49
Boost 44,Email,5/26/2024,6/22/2024,1705.43,131330,5343,914,23349.5
Launch 69,LinkedIn,6/23/2024,7/15/2024,3978.62,107130,1170,512,40037.48
Blast 68,Facebook,8/25/2024,9/12/2024,3570.69,23973,1078,345,19982.92
Launch 20,YouTube,7/2/2024,7/16/2024,1019.23,179006,5934,1234,83933
Push 77,Email,3/5/2024,3/14/2024,3269.39,49909,4389,1073,89110.47
Drive 36,Google Ads,1/18/2024,1/26/2024,3445.14,33557,969,305,13320.52
Launch 19,Instagram,3/28/2024,4/22/2024,4000.24,37425,766,86,7525.99
Launch 86,Instagram,2/28/2024,3/13/2024,3308.32,79742,2127,132,12095.98
Boost 1,Instagram,8/19/2024,9/3/2024,1760.09,124377,8023,221,2441.62
Launch 11,Email,2/19/2024,2/29/2024,2368.31,29311,1720,636,51097.77
Blast 83,Google Ads,4/22/2024,5/22/2024,3541.21,25055,1146,172,10634.85
Promo 77,Facebook,1/29/2024,2/26/2024,497.94,91299,8881,3207,143521.64
Blast 38,Email,7/23/2024,8/3/2024,4600.01,60033,709,56,5515.76
Push 4,YouTube,1/2/2024,1/19/2024,173.4,142695,1960,375,36636.49
Promo 27,LinkedIn,5/17/2024,6/13/2024,4386.04,76557,869,82,1018.08
Blitz 55,Email,7/27/2024,8/8/2024,2438.95,75105,571,153,3259.49
Drive 72,Facebook,3/11/2024,3/28/2024,1957.6,125352,9787,2163,133325.28
Promo 71,Facebook,6/16/2024,7/3/2024,3721.07,5672,212,80,5208.85
Blast 47,Facebook,1/29/2024,2/28/2024,2216.73,158922,4227,206,10018.24
Push 90,Email,4/13/2024,4/26/2024,2384.93,186100,1224,21,1231.51
Drive 94,Instagram,5/17/2024,6/12/2024,2050.81,55755,2799,640,51471.97
Push 69,Google Ads,2/26/2024,3/6/2024,4408.07,87420,2583,1139,73962.03
Launch 91,Instagram,6/29/2024,7/18/2024,1230.46,97222,6767,730,65770.46
Launch 50,YouTube,1/12/2024,2/7/2024,4404.77,1281,103,34,617.46
Promo 20,Email,5/12/2024,5/21/2024,4043.85,101557,4811,2328,132869.86
Drive 76,Email,3/4/2024,3/14/2024,2862.27,194724,459,74,7306.79
Boost 59,Instagram,3/10/2024,3/20/2024,1409.07,139528,12892,3934,372304.89
Launch 92,Email,3/14/2024,3/26/2024,2986.39,129712,737,232,10712.38
Blast 68,YouTube,5/29/2024,6/15/2024,1391.2,44382,2100,126,9577.02
Drive 87,Instagram,6/10/2024,6/28/2024,1084.65,154635,6837,1759,33938.09
Blast 49,Facebook,6/20/2024,7/4/2024,4520.77,119554,9407,2966,99642.07
Drive 62,Instagram,7/5/2024,7/30/2024,2342.49,132543,8404,4199,188266.56
Launch 74,LinkedIn,6/7/2024,7/1/2024,2068.1,15256,444,125,1935.2
Boost 71,YouTube,3/7/2024,4/1/2024,4071.86,183468,13290,792,43563.79
Push 81,Instagram,7/22/2024,8/12/2024,930.66,93133,7213,2386,177583.83
Promo 87,Facebook,2/10/2024,2/17/2024,3500.55,5118,114,31,1024.04
Promo 37,Google Ads,4/25/2024,5/10/2024,2746.49,89814,8758,2203,169737.9
Blast 3,Google Ads,7/24/2024,8/23/2024,3116.35,13588,829,244,12697.84
Drive 28,LinkedIn,8/15/2024,9/5/2024,1527.22,35878,1659,435,16072.27
Drive 76,YouTube,8/6/2024,8/15/2024,4149.85,91618,2237,653,40348.88
Blitz 65,YouTube,7/1/2024,7/23/2024,4731.01,13452,327,87,4390.03
Boost 97,YouTube,4/25/2024,5/4/2024,718.43,137607,10339,1785,155969.41
Launch 46,Facebook,1/16/2024,1/27/2024,341.37,95611,6262,2107,39082.9
Launch 27,LinkedIn,5/26/2024,6/16/2024,642.44,35603,3352,225,2612.18
Push 77,YouTube,1/28/2024,2/6/2024,4895.26,100813,2379,121,9981.22
Launch 39,Google Ads,7/6/2024,8/3/2024,2275.44,5824,445,196,8821.73
Blitz 76,Email,1/1/2024,1/9/2024,1703.57,3055,207,41,2846.41
Blitz 61,Email,2/1/2024,2/29/2024,2079.92,21834,1352,154,5194.82
Promo 96,Google Ads,1/4/2024,1/25/2024,3120.03,191223,9076,860,42794.49
Blast 19,Google Ads,3/20/2024,4/3/2024,1983.26,155719,13622,1016,39995.71
Launch 16,Facebook,2/6/2024,2/27/2024,4668.85,28393,2602,758,33112.2
Blast 64,Email,3/1/2024,3/30/2024,4082.56,54580,2078,315,21948.41
Blitz 17,Facebook,2/5/2024,2/27/2024,2680.95,19708,1041,434,22699.31
Drive 15,Google Ads,4/27/2024,5/6/2024,2279.5,56969,3016,1431,62841.55
Promo 79,Facebook,8/25/2024,9/9/2024,669.86,72126,3625,1678,141620.95
Promo 79,YouTube,7/9/2024,7/24/2024,2857.32,54398,857,78,6434.13
Promo 94,Instagram,2/12/2024,3/13/2024,4315.86,120063,7866,2438,163672.39
Launch 12,Instagram,3/7/2024,3/29/2024,3532.88,28153,1997,690,43038.98
Promo 99,Email,1/14/2024,2/7/2024,4487.95,185916,8420,2451,61487.86
Blitz 67,Facebook,4/18/2024,5/9/2024,1884.88,165373,7132,1289,111526.28
Drive 71,LinkedIn,6/1/2024,6/30/2024,3353.77,113132,164,31,1452.2
Blast 26,Google Ads,6/14/2024,6/29/2024,598.87,116155,4682,1712,147265.88
Drive 56,Google Ads,5/6/2024,5/21/2024,1342.19,65781,2638,786,55901.73
Blast 56,LinkedIn,3/8/2024,3/21/2024,3657.7,12625,154,14,536.9
Boost 49,Instagram,4/24/2024,5/2/2024,2206.19,164013,8655,2594,238441.14
Blitz 89,Facebook,8/18/2024,8/29/2024,4505.07,50043,2272,205,2258.87
Push 49,Facebook,3/25/2024,4/5/2024,1499.47,43602,749,248,5586.39
Blast 28,Facebook,2/14/2024,2/23/2024,4586.45,115074,4506,940,83793.99
Launch 26,LinkedIn,5/21/2024,6/12/2024,4604.83,20689,1385,501,13572.47
Blitz 78,Google Ads,2/8/2024,2/20/2024,3856.1,129062,4738,1337,77330.47
Boost 83,YouTube,3/8/2024,4/4/2024,4934.22,124175,2841,580,6608.96
Boost 78,Email,7/9/2024,7/21/2024,1609.18,153676,2929,1097,65549.09
Boost 51,LinkedIn,5/22/2024,6/17/2024,2235.02,73575,147,32,1935.36
Promo 25,Instagram,7/15/2024,8/4/2024,393.52,159765,9997,1534,83594.58
Blast 83,Facebook,3/28/2024,4/13/2024,4683.92,126636,2043,951,41195.5
Blitz 40,Instagram,7/10/2024,7/22/2024,661,101049,9985,4722,426661.85
Promo 25,YouTube,4/23/2024,5/23/2024,107.68,66133,4047,170,11188.3
Blitz 2,LinkedIn,6/15/2024,6/24/2024,3174.57,104137,9451,341,10511.01
Blitz 41,Facebook,1/29/2024,2/17/2024,4917.3,140446,119,56,3233.56
Push 3,LinkedIn,6/29/2024,7/11/2024,3325.97,41166,522,229,21964.87
Push 66,Email,6/6/2024,6/29/2024,3533.59,146663,11557,5256,371521.63
Boost 49,Email,1/11/2024,2/8/2024,1135.71,84909,6249,499,36516.63
Blitz 92,Facebook,8/10/2024,8/22/2024,582.69,94911,3820,1545,105334.56
Boost 72,LinkedIn,8/27/2024,9/26/2024,596.19,92403,3627,1327,19029.67
Blast 37,LinkedIn,6/17/2024,6/30/2024,1691.3,138325,4988,1573,66796.27
Blast 19,LinkedIn,8/17/2024,8/26/2024,3813.15,77958,5566,1739,126199.28
Launch 7,Facebook,4/17/2024,5/9/2024,3776.93,152873,9165,153,13024.94
Blast 85,Email,1/21/2024,1/29/2024,1344.59,46133,2362,121,7437.2
Blast 23,LinkedIn,8/21/2024,9/12/2024,4186.9,58120,5781,250,24937.35
Launch 98,Facebook,3/19/2024,4/3/2024,3887.29,174918,13735,1385,91718.11
Push 82,Google Ads,8/18/2024,9/15/2024,2729.97,24542,456,36,1802.52
Promo 2,YouTube,1/22/2024,2/15/2024,4950.08,136873,8642,4014,199117.13
Promo 34,Email,4/10/2024,4/21/2024,4763.65,14716,893,28,1586.03
Drive 67,Google Ads,5/12/2024,5/28/2024,829.27,119189,3343,1562,91773.84
Boost 79,Facebook,2/20/2024,3/6/2024,1262.89,179485,13002,2816,158608.58
Drive 73,Email,8/5/2024,8/16/2024,2236.32,146514,9478,755,73099.12
Launch 29,Instagram,1/5/2024,1/17/2024,2650.95,84065,8199,2799,190589.37
Blitz 44,Facebook,8/19/2024,8/28/2024,1010.99,90200,7540,3189,238033.41
Blitz 90,Email,5/16/2024,5/28/2024,602.28,38881,3509,717,31950.34
Blitz 70,Instagram,6/22/2024,6/29/2024,330.65,103430,5429,682,53557.7
Blast 5,Instagram,3/28/2024,4/7/2024,2727.72,90150,3796,924,23578.45
Promo 70,LinkedIn,3/22/2024,4/6/2024,3163.98,153105,15171,2649,228357.29
Promo 9,YouTube,4/22/2024,5/21/2024,2766.38,16789,1144,385,25244.85
Boost 74,Google Ads,7/1/2024,7/16/2024,2383.37,86809,2665,134,1894.46
Boost 40,Instagram,7/11/2024,8/1/2024,2223.1,7617,262,34,1358.41
Push 56,LinkedIn,7/13/2024,7/21/2024,2390.2,180946,5519,15,1190.5
Promo 40,YouTube,1/17/2024,2/14/2024,1013.78,193208,18150,8141,419661.19
Boost 21,Google Ads,2/16/2024,3/14/2024,4336.01,26070,1816,847,9111.92
Blast 31,LinkedIn,4/1/2024,4/29/2024,3674.71,143070,4005,1484,90948.7
Push 28,Facebook,7/9/2024,8/6/2024,3468.08,58134,4472,457,10277.21
Launch 73,Email,5/11/2024,6/7/2024,4269.54,188052,17431,126,1835.08
Boost 17,Google Ads,1/20/2024,1/31/2024,4183.69,3525,319,20,1035.37
Drive 94,Facebook,1/29/2024,2/15/2024,2017.98,145846,2708,1217,95225.54
Promo 79,LinkedIn,5/15/2024,5/24/2024,2981.73,12302,866,82,6074.95
Boost 53,Google Ads,8/12/2024,8/23/2024,1440.96,186279,18358,3462,88185.47
Blitz 34,LinkedIn,4/17/2024,4/26/2024,401.74,33459,2076,16,1416.43
Promo 79,Facebook,7/30/2024,8/20/2024,2955.34,79570,2164,100,3686.81
Promo 8,Instagram,6/27/2024,7/11/2024,127.65,5846,525,244,3255.26
Blast 2,Facebook,7/18/2024,7/26/2024,2187.78,52540,406,54,734.94
Promo 13,Google Ads,2/29/2024,3/11/2024,1991.51,154336,7065,1350,34623.81
Drive 29,LinkedIn,2/26/2024,3/11/2024,3263.38,19622,1314,312,18351.39
Push 20,YouTube,4/28/2024,5/28/2024,4176.45,137337,385,71,5105.67
Push 21,Google Ads,2/5/2024,2/18/2024,594.81,131629,12389,3958,103549.6
Boost 51,Google Ads,8/26/2024,9/19/2024,357.08,184640,12799,4117,401577.48
Blitz 51,LinkedIn,4/21/2024,5/18/2024,945.1,5323,265,96,2800.38
Blast 81,Google Ads,3/13/2024,4/1/2024,352.34,90778,4848,30,725.6
Launch 82,Facebook,5/25/2024,6/15/2024,4658.18,5258,246,75,5627.47
Push 95,LinkedIn,4/10/2024,4/26/2024,2386.19,103395,3956,1573,33071.96
Drive 75,LinkedIn,3/22/2024,4/1/2024,4068.22,166637,10048,2736,180552.47
Boost 90,Email,2/15/2024,3/8/2024,1879.97,87214,7030,3378,203819.5
Push 99,Instagram,7/14/2024,7/28/2024,4081.16,199655,14909,3995,321429.37
Launch 8,Email,3/22/2024,4/13/2024,581.06,156197,10637,2602,101707.1
Launch 83,Email,5/7/2024,5/19/2024,729.17,48265,4419,255,21773.13
Promo 65,Email,2/1/2024,2/13/2024,429.91,161533,14010,1051,32627.79
Promo 49,Email,2/5/2024,3/5/2024,3986.24,163005,903,10,191.75
Push 65,Google Ads,2/20/2024,3/1/2024,1235.56,19110,800,54,2197.82
Promo 38,YouTube,1/22/2024,1/29/2024,1154.71,62182,3610,1744,158904.95
Promo 44,Google Ads,1/9/2024,1/29/2024,4762.33,196956,4581,1027,11448
Blitz 6,Google Ads,2/16/2024,3/2/2024,4342.95,46716,1667,785,13123.18
Blitz 45,Google Ads,3/28/2024,4/6/2024,2781.05,121707,11068,3911,72022.11
Push 61,Email,5/23/2024,5/31/2024,1752.92,98163,9408,731,22967.39
Blitz 6,YouTube,3/13/2024,4/5/2024,2266.31,107848,6463,3060,159148.74
Push 42,YouTube,5/12/2024,6/8/2024,3834.25,96517,8674,3829,303334.01
Blast 18,Email,4/27/2024,5/17/2024,3064.14,50024,1701,848,64456.4
Boost 56,Email,8/23/2024,9/4/2024,1130.79,33867,2474,307,5202.53
Launch 21,Facebook,8/6/2024,8/17/2024,4781.6,17679,1706,660,40424.64
Launch 73,Email,6/8/2024,6/16/2024,4140.11,120787,6745,2825,70462.31
Promo 94,LinkedIn,8/4/2024,8/30/2024,1057.47,121507,2443,1059,61469.96
Launch 46,LinkedIn,1/27/2024,2/8/2024,1222.81,103702,7026,1360,133451.57
Promo 42,LinkedIn,3/12/2024,3/28/2024,3110.21,60990,2509,900,79929.66
Drive 53,Instagram,2/27/2024,3/12/2024,4457.94,195148,14476,548,5990.47
Promo 96,Facebook,4/10/2024,4/20/2024,1188.5,126468,10815,1883,54967.53
Drive 92,LinkedIn,3/5/2024,3/20/2024,2049.8,40877,2475,639,21761.05
Drive 37,Facebook,2/26/2024,3/19/2024,2255.69,173662,232,13,533.25
Launch 8,Google Ads,6/9/2024,6/20/2024,1403.43,62889,1916,659,29862.56
Blitz 16,Google Ads,7/18/2024,8/4/2024,3450.94,116316,3372,653,20361.37
Blast 57,Facebook,4/22/2024,5/6/2024,2954.7,180908,4061,975,16315.02
Boost 78,LinkedIn,2/14/2024,3/5/2024,4242.23,149170,4897,2104,99909.89
Promo 74,Email,2/16/2024,3/6/2024,2560.91,85265,7026,3476,82231.75
Boost 84,YouTube,5/24/2024,6/7/2024,1121.53,151495,13324,1656,39002.19
Push 58,YouTube,3/31/2024,4/11/2024,2044.32,111629,1788,657,24770.72
Promo 30,Instagram,1/23/2024,2/20/2024,4799.97,60339,4418,1674,69075.78
Push 78,Instagram,4/25/2024,5/13/2024,1317.28,109385,6203,208,12581.54
Boost 58,YouTube,7/7/2024,8/1/2024,4640.34,49030,1216,299,4958.75
Launch 61,YouTube,5/28/2024,6/12/2024,1455.88,96403,1036,39,1684.7
Promo 74,Facebook,5/26/2024,6/12/2024,4807.31,188991,18899,4730,60866.83
Blast 2,Instagram,3/9/2024,3/22/2024,1434.92,49825,989,336,24452.76
Blast 45,YouTube,7/20/2024,8/17/2024,1701.68,156209,4742,108,9183.28
Push 15,Email,8/4/2024,8/11/2024,2489.28,108378,6356,1383,94001.34
Drive 84,Email,6/28/2024,7/7/2024,341.98,13023,731,32,2277.61
Boost 58,Email,1/16/2024,2/4/2024,593.14,16643,1462,546,44289.88
Push 90,YouTube,2/2/2024,2/11/2024,655.3,17043,1650,684,59686.93
Launch 34,Email,4/11/2024,4/18/2024,3974.89,109142,6493,238,2652.64
Promo 23,Instagram,4/11/2024,4/21/2024,276.69,186180,13013,5053,243578.96
Push 20,YouTube,7/30/2024,8/6/2024,402.14,85091,4994,268,7274.79
Push 29,Instagram,3/12/2024,4/4/2024,2936.69,127296,404,180,16169.85
Push 19,Email,5/2/2024,5/26/2024,3441.5,169839,5092,858,49170.52
Boost 46,Facebook,6/21/2024,7/16/2024,3144.61,182244,4300,923,85237.49
Boost 3,Instagram,5/21/2024,6/9/2024,2326.7,146145,9659,3815,338553
Push 69,LinkedIn,8/11/2024,8/24/2024,226.67,153740,6638,3213,35429.17
Drive 40,Instagram,4/20/2024,5/9/2024,2772.75,19904,554,75,6065.82
Launch 13,YouTube,3/20/2024,4/17/2024,732.35,107505,7450,2212,60750.1
Promo 62,Google Ads,8/7/2024,8/15/2024,2591.49,11592,977,419,12054.92
Boost 50,LinkedIn,3/24/2024,4/23/2024,4067.48,145584,5076,1280,55498.61
Blast 77,Google Ads,7/27/2024,8/12/2024,2911.16,34324,2418,1205,46971.06
Promo 67,YouTube,8/19/2024,9/12/2024,4455.41,116953,1141,516,7858.22
Blitz 49,Google Ads,6/16/2024,7/13/2024,267.33,29858,669,224,19428.87
Blitz 44,Email,7/24/2024,8/21/2024,3607.21,63541,305,132,7757.3
Promo 28,Instagram,2/7/2024,2/15/2024,1782.08,180115,7975,1323,129420.59
Boost 56,Google Ads,6/21/2024,7/21/2024,2708.45,131478,5435,1589,16259.8
Drive 1,LinkedIn,8/26/2024,9/11/2024,4495.97,26329,343,64,6267.42
Promo 54,Email,2/22/2024,3/4/2024,3625.03,191288,1944,940,15248.66
Blast 67,Google Ads,2/28/2024,3/9/2024,3074.12,187036,8466,200,17440.75
Push 69,Google Ads,6/1/2024,6/20/2024,1488.68,3619,221,87,6412.43
Drive 61,Google Ads,7/1/2024,7/14/2024,2041.49,59241,456,22,1219.26
Blitz 17,Facebook,6/13/2024,7/11/2024,4216.05,150888,7021,1419,78048.39
Launch 83,Google Ads,7/19/2024,7/28/2024,603.35,70359,1500,357,25253.13
Boost 18,Facebook,4/3/2024,4/15/2024,1605.38,61860,2973,414,24342
Launch 22,Facebook,8/13/2024,8/22/2024,1483.43,23408,641,135,11435.68
Push 22,Facebook,6/22/2024,7/18/2024,1362.14,52971,2917,497,42503.36
Blitz 71,LinkedIn,7/18/2024,8/10/2024,1835.25,13973,140,67,6054.03
Launch 15,Facebook,1/2/2024,1/24/2024,4369.96,84344,2592,172,6355.81
Blast 83,Facebook,7/16/2024,8/13/2024,2825.4,133602,578,95,6060.82
Blast 57,Facebook,7/22/2024,8/1/2024,1743.76,3404,185,46,4494.75
Launch 43,Facebook,5/31/2024,6/12/2024,2486.31,1576,105,34,3311.01
Drive 77,YouTube,2/13/2024,3/2/2024,2173.01,72492,5469,2308,170670.76
Blast 77,Instagram,5/8/2024,5/20/2024,2317.85,165694,7614,830,77440.27
Launch 25,Google Ads,7/7/2024,7/15/2024,1701.9,149095,14218,1605,113240.92
Blitz 13,YouTube,6/4/2024,7/2/2024,1509.29,132948,9913,2047,177756.49
Launch 32,Facebook,4/16/2024,5/4/2024,4545.25,181822,10447,4213,385101.53
Drive 57,Google Ads,6/14/2024,7/9/2024,1654.43,123151,2987,1391,30101.86
Blitz 33,YouTube,5/23/2024,6/2/2024,2554.27,131065,11165,1485,18812.76
Blast 29,Facebook,8/21/2024,9/10/2024,1725.14,40737,2862,393,15534.99
Promo 96,Email,1/29/2024,2/19/2024,1362.13,33928,1605,784,36398.95
Boost 89,LinkedIn,4/13/2024,5/11/2024,3327.52,4596,425,140,13017.16
Blast 68,LinkedIn,4/2/2024,4/27/2024,1458.8,132509,3595,587,10044.72
Promo 52,YouTube,5/31/2024,6/8/2024,1524.76,72585,6756,2562,243062.7
Push 20,Email,1/13/2024,2/8/2024,4080.41,152210,6493,2381,179914.13
Blitz 30,LinkedIn,8/5/2024,8/22/2024,187.45,12658,664,309,7168.35
Drive 7,Email,6/27/2024,7/9/2024,4498.77,199605,6474,1368,133318.48
Boost 94,Email,2/28/2024,3/24/2024,1068.93,40814,861,67,5043.43
Launch 34,Google Ads,8/10/2024,9/6/2024,3575.91,8444,107,18,1132.92
Drive 43,YouTube,5/29/2024,6/23/2024,2539.42,76592,6757,2375,209483.15
Launch 53,LinkedIn,7/4/2024,7/30/2024,1259.49,73829,4313,578,38107.5
Drive 68,Facebook,8/1/2024,8/13/2024,312.07,167962,16107,3723,152292.25
Launch 90,LinkedIn,4/18/2024,5/2/2024,2584.11,90575,3504,967,91577.4
Push 9,LinkedIn,1/21/2024,2/12/2024,3534.32,101020,8759,3818,223021.33
Push 83,LinkedIn,4/29/2024,5/10/2024,2159.77,82587,3370,1306,66554.64
Push 62,Email,3/7/2024,3/17/2024,4498.64,24881,990,82,5715.59
Promo 85,Facebook,5/30/2024,6/25/2024,4014.7,155245,15176,5433,469540.93
Promo 21,Google Ads,1/27/2024,2/26/2024,1411.37,53402,986,286,3118.25
Boost 14,LinkedIn,3/14/2024,4/11/2024,4057.64,105002,8872,3060,43011.27
Launch 45,LinkedIn,7/17/2024,8/5/2024,2436.28,178798,4433,255,14421.44
Launch 88,Instagram,5/12/2024,6/2/2024,876.88,165828,1102,339,30197.96
Boost 53,LinkedIn,6/6/2024,7/4/2024,382.45,24592,1309,121,9774.51
Blitz 84,Google Ads,5/12/2024,5/26/2024,583.11,96602,1051,235,6510.67
Blast 43,LinkedIn,7/12/2024,7/31/2024,255.65,98596,9646,803,11437.06
Blast 90,YouTube,6/23/2024,7/7/2024,2303.3,84786,5900,1023,15941.04
Blitz 53,Email,6/14/2024,6/29/2024,1229.75,104911,2754,1122,44179.93
Drive 81,Email,4/24/2024,5/2/2024,449.99,27458,2454,804,27139.98
Blitz 9,Email,5/18/2024,6/4/2024,1177.11,78939,1533,525,28253.13
Boost 31,Email,4/29/2024,5/7/2024,1833.65,48359,2564,1189,99444.93
Launch 68,Instagram,1/14/2024,1/24/2024,2897.12,22454,2179,231,8326.81
Promo 80,Email,2/7/2024,2/25/2024,3632.69,117939,702,296,5110.14
Blitz 56,Email,8/8/2024,8/29/2024,296.02,40181,3434,587,57195.28
Drive 64,LinkedIn,5/3/2024,5/10/2024,2751.58,105895,1891,920,21986.46
Boost 11,LinkedIn,4/20/2024,5/5/2024,3937.12,96765,1438,98,4400.47
Blast 4,Instagram,1/7/2024,1/14/2024,989.45,65652,3911,868,26708.86
Launch 79,YouTube,5/28/2024,6/24/2024,1559.95,83190,2360,988,63676.42
Launch 52,Email,5/22/2024,6/19/2024,1364.7,183798,7239,3229,289287.69
Promo 27,Facebook,6/16/2024,7/11/2024,654.78,2842,210,48,895.05
Boost 59,YouTube,7/23/2024,8/21/2024,4360.66,18761,918,358,21638.19
Promo 75,Facebook,2/5/2024,2/20/2024,1952.78,122712,3664,901,49749.04
Promo 58,Google Ads,7/5/2024,7/12/2024,2538.98,75524,2676,1278,52968.6
Blitz 79,Email,3/26/2024,4/14/2024,3646.94,67737,1815,814,44284.35
Promo 60,LinkedIn,2/15/2024,3/15/2024,1955.96,143958,8619,2806,146882.82
Blitz 68,YouTube,3/27/2024,4/11/2024,708.83,136812,13025,173,9776.95
Boost 64,Email,6/24/2024,7/18/2024,2915.83,106201,5824,1843,168982.46
Promo 47,Facebook,6/29/2024,7/29/2024,2435.67,12107,802,26,1742.23
Push 1,Google Ads,2/11/2024,3/8/2024,157.34,59065,5674,345,17907.37
Push 71,Email,7/29/2024,8/11/2024,4781.99,63682,542,235,19745.72
Blast 95,YouTube,2/18/2024,3/3/2024,1268.72,74314,421,74,7224.83
Promo 32,Email,6/26/2024,7/12/2024,2339.64,94108,7463,2750,207146.23
Promo 51,Google Ads,3/13/2024,3/25/2024,517.52,137337,10925,4737,316798.28
Launch 4,Facebook,8/8/2024,8/20/2024,3357.39,29510,1102,69,3578.26
Push 58,Email,6/26/2024,7/22/2024,796.33,166263,8235,2056,138045.5
Blitz 38,Facebook,3/5/2024,3/26/2024,1914.5,186801,12605,2386,123291.5
Push 42,Google Ads,3/2/2024,3/13/2024,3612.97,153087,7505,3027,60782.55
Blitz 77,Facebook,8/6/2024,8/17/2024,2363.44,46822,2240,120,2254.02
Blast 74,Instagram,7/22/2024,8/19/2024,758.43,54527,823,371,5158.18
Promo 29,LinkedIn,7/14/2024,8/10/2024,3793.14,88426,8800,3327,302780.07
Boost 69,Google Ads,1/27/2024,2/11/2024,3458.88,90934,6817,3306,314902.84
Promo 92,Facebook,7/16/2024,7/26/2024,4226.66,115647,6000,2149,35523.96
Launch 62,YouTube,6/22/2024,6/29/2024,442.39,73334,6118,2569,127403.96
Launch 74,Instagram,8/9/2024,9/7/2024,3690.68,122612,3699,1156,88084.49
Blitz 54,LinkedIn,1/12/2024,2/2/2024,2761.68,171314,9987,2101,158599.55
Push 42,Google Ads,2/20/2024,3/5/2024,4261,13337,159,58,2808.94
Launch 66,Google Ads,2/14/2024,3/1/2024,2228.58,47895,4038,246,21765.71
Launch 34,Google Ads,2/1/2024,2/27/2024,988.8,159308,1187,561,51829.41
Drive 1,LinkedIn,1/29/2024,2/28/2024,2073.14,132716,1120,320,15002.99
Drive 48,LinkedIn,5/15/2024,5/23/2024,4912.44,161066,3991,730,46534.63
Blast 26,Email,7/18/2024,7/30/2024,384.06,69189,1141,285,4505.35
Boost 24,Instagram,8/21/2024,9/17/2024,2307.9,69438,6795,2466,59838.19
Push 86,YouTube,3/13/2024,4/6/2024,3963.79,144468,9004,744,31365.06
Drive 47,YouTube,3/28/2024,4/17/2024,1607.39,163335,1501,146,10152.52
Boost 7,Facebook,1/24/2024,2/17/2024,194.07,107533,10711,3613,93812.53
Blast 47,LinkedIn,2/23/2024,3/20/2024,253.77,25749,1655,359,21690.02
Launch 15,LinkedIn,5/13/2024,6/10/2024,3851.2,53519,4458,58,2096.5
Blitz 4,Facebook,3/22/2024,4/14/2024,3473.65,87183,3809,973,21670.99
Blitz 86,Email,5/21/2024,5/29/2024,196.34,102618,10043,4414,66258.26
Launch 70,YouTube,4/25/2024,5/5/2024,291.71,59536,1210,304,22988.24
Push 78,Google Ads,5/15/2024,6/2/2024,4385.28,148825,10173,2248,197471.18
Blast 44,LinkedIn,5/29/2024,6/26/2024,4181.24,117462,10527,914,61351.2
Blast 58,Instagram,7/12/2024,8/3/2024,224.05,109963,6847,1975,164248.54
Blast 22,YouTube,5/4/2024,5/24/2024,4088.56,86174,8293,3367,234362.93
Launch 93,Facebook,6/27/2024,7/25/2024,2143.18,179889,5834,2857,269882.8
Push 53,LinkedIn,7/21/2024,8/7/2024,2453.29,18615,1598,311,6780.73
Push 15,LinkedIn,1/4/2024,1/22/2024,211.83,44780,3623,898,29337.23
Blitz 46,Google Ads,5/11/2024,5/28/2024,1625.55,157578,11620,5359,456800.43
Blast 32,Facebook,6/16/2024,7/13/2024,4859.11,10614,335,71,5358.69
Blast 58,Facebook,5/28/2024,6/8/2024,2411.52,27744,1003,322,19100.85
Push 18,Instagram,6/15/2024,7/11/2024,1134.15,79243,2507,167,4939.25
Push 35,Facebook,6/6/2024,6/14/2024,1435.42,91102,5732,67,3458.49
Drive 32,Email,1/14/2024,2/3/2024,3912.13,152755,877,317,24092.84
Promo 25,Facebook,5/23/2024,6/6/2024,3255.44,173911,11045,111,9423.41
Drive 37,Google Ads,3/14/2024,4/7/2024,3593.06,51450,1092,214,17454.77
Drive 15,Instagram,2/9/2024,2/21/2024,773,20518,983,311,6967.21
Push 26,LinkedIn,8/1/2024,8/31/2024,2973.53,66005,4631,1336,90691.54
Boost 9,Instagram,8/2/2024,8/25/2024,3843.37,52330,805,385,30215.08
Blast 56,Facebook,8/12/2024,8/27/2024,1439.55,194158,18881,6709,604069.53
Blitz 82,Instagram,3/16/2024,4/4/2024,1857.4,118576,6481,192,5196.49
Drive 57,Instagram,1/7/2024,1/15/2024,271.08,192395,16785,3918,127772.45
Blitz 90,Facebook,3/11/2024,3/19/2024,3199.68,193753,19109,2815,261004.57
Blitz 18,YouTube,4/16/2024,4/26/2024,306.64,71965,6207,2172,102626.93
Promo 65,Instagram,4/29/2024,5/26/2024,277.39,113195,2545,1110,31866.78
Launch 7,Email,7/21/2024,8/20/2024,4597.67,75368,5806,1310,93400.97
Drive 17,Email,8/2/2024,8/13/2024,520.58,125929,304,87,7797.73
Boost 68,Facebook,2/20/2024,3/16/2024,3986.69,182678,3918,1000,55847.79
Blitz 87,LinkedIn,8/11/2024,9/7/2024,1862.93,99411,424,176,4643.96
Drive 46,Facebook,1/7/2024,2/6/2024,4577.17,193907,8185,2584,39545.04
Boost 91,Instagram,2/28/2024,3/7/2024,4038.47,52609,2018,29,2618.59
Push 76,Email,7/4/2024,7/21/2024,528.01,106531,258,95,7412.84
Boost 7,Email,4/10/2024,4/25/2024,634.16,169951,16966,1530,30279.11
Boost 7,Instagram,4/7/2024,5/3/2024,2063.3,143504,2483,851,84090.14
Launch 19,Google Ads,8/11/2024,8/31/2024,4042.31,75684,594,229,7847.93
Blast 9,Email,4/25/2024,5/25/2024,4239.42,51285,2594,1114,91986
Promo 79,LinkedIn,3/26/2024,4/24/2024,1765.1,81157,1889,858,52818.5
Blast 98,Email,1/22/2024,2/11/2024,728.56,71118,1950,904,59264.47
Launch 81,Instagram,6/29/2024,7/12/2024,1262.16,101033,8508,1079,70609.35
Launch 99,Instagram,5/3/2024,6/2/2024,3160.46,101942,5263,1315,104499.31
Launch 67,Google Ads,7/30/2024,8/11/2024,1318.81,19194,601,188,10594.55
Drive 29,Email,2/16/2024,2/26/2024,1478.13,24327,1952,522,36464.74
Blitz 88,Facebook,1/27/2024,2/23/2024,3165.02,53566,1932,230,17507.81
Push 89,Google Ads,1/20/2024,2/8/2024,1609.64,180889,12863,2555,197691.66
Launch 75,YouTube,5/6/2024,6/5/2024,4596.17,177248,15105,6034,355048.52
Blast 71,Google Ads,8/12/2024,8/27/2024,4363.71,151657,5153,2393,157663.92
Launch 1,Facebook,6/7/2024,7/6/2024,124.44,81998,6565,2797,122180.56
Launch 38,YouTube,6/24/2024,7/12/2024,1916,27013,837,310,26641.11
Promo 25,Email,7/8/2024,8/2/2024,448.31,68744,3173,337,8947.54
Blitz 23,YouTube,2/7/2024,3/6/2024,3612.13,123682,5777,2703,103268.92
Drive 19,LinkedIn,4/15/2024,5/7/2024,1240.68,170342,4711,1972,81516.68
Blitz 6,Instagram,3/25/2024,4/13/2024,1233.19,187210,3932,215,8475.02
Promo 89,Email,1/18/2024,2/11/2024,3652.05,53362,1916,157,3183.92
Drive 27,Google Ads,6/6/2024,7/4/2024,701.96,68909,4961,1769,141148.35
Drive 77,Email,4/19/2024,5/15/2024,2548.42,52636,5024,734,8733.29
Push 26,Google Ads,7/23/2024,8/17/2024,234.64,42964,2198,244,22146.84
Blitz 87,YouTube,6/5/2024,6/15/2024,2379.5,110024,252,119,5185.38
Boost 17,Email,3/23/2024,3/30/2024,3780.83,91030,2403,1112,72520.32
Drive 20,Google Ads,5/15/2024,6/3/2024,1836.48,62326,4325,1208,40138.63
Blast 20,Google Ads,6/22/2024,7/6/2024,754.66,103198,8546,678,30968.68
Boost 56,YouTube,4/8/2024,5/7/2024,3062.54,139181,1722,845,42059.42
Push 32,Facebook,6/11/2024,6/18/2024,2571.87,196068,18645,3717,237290.29
Drive 70,Email,6/29/2024,7/26/2024,2811.48,185591,9788,3209,97475.93
Launch 31,LinkedIn,2/2/2024,2/9/2024,191.61,68294,4271,2044,49318.62
Push 79,Email,3/15/2024,3/26/2024,1274.22,112936,5938,423,12617.64
Launch 66,Instagram,6/16/2024,7/12/2024,435.03,180441,3515,511,46025.46
Launch 21,Facebook,2/1/2024,2/13/2024,3633.7,36125,2724,860,74164.56
Push 58,YouTube,4/30/2024,5/12/2024,2831.71,3653,180,47,2794
Boost 53,LinkedIn,4/20/2024,5/10/2024,3287.63,69051,1427,563,50197.14
Launch 41,YouTube,1/19/2024,1/29/2024,2727.09,144311,14049,2634,148786.16
Launch 57,Email,2/1/2024,2/22/2024,4934.58,39180,2179,844,30928.36
Blast 64,Instagram,5/31/2024,6/18/2024,1004.51,75154,6649,1203,21964.65
Push 48,Google Ads,1/6/2024,1/30/2024,835.74,58090,4811,2123,45469.51
Blitz 96,Email,1/19/2024,2/12/2024,724.84,11986,817,261,23846.27
Push 59,Email,7/9/2024,8/5/2024,2841.14,86583,4419,675,20406.74
Blitz 15,LinkedIn,5/17/2024,5/24/2024,4481.56,146333,6516,2628,48341.61
Promo 36,Instagram,4/2/2024,4/21/2024,1832.23,199120,7464,2525,67667.67
Boost 59,Facebook,1/3/2024,1/26/2024,1722.72,158710,769,211,15462.17
Blast 62,Google Ads,7/19/2024,8/17/2024,3396.31,34644,815,255,23944.62
Blitz 97,Facebook,1/10/2024,2/5/2024,481,167700,4951,2176,198020.72
Blast 83,Email,1/10/2024,1/23/2024,4859.13,88179,3620,69,5415.5
Promo 24,Facebook,1/9/2024,1/30/2024,2723.81,16587,414,104,1364.51
Blitz 74,Instagram,3/13/2024,4/1/2024,1997.08,68967,4959,2379,218046.31
Launch 99,Email,4/25/2024,5/9/2024,602.46,18947,1762,712,70325.42
Launch 63,Facebook,1/8/2024,2/2/2024,1246.55,118659,11169,1612,121792.81
Blitz 26,Google Ads,2/7/2024,2/18/2024,211.8,87444,866,44,1625.48
Drive 68,LinkedIn,8/10/2024,8/18/2024,4080.09,57671,938,243,20953.37
Drive 59,Facebook,5/2/2024,5/20/2024,3412.2,107659,6247,1040,69721.66
Drive 79,Email,5/12/2024,6/8/2024,1063.37,89283,8637,278,26198.5
Push 21,Email,6/10/2024,6/29/2024,3141.39,96821,9039,1072,21281.08
Blitz 46,LinkedIn,7/9/2024,8/5/2024,3141.48,191318,6193,1197,39236.97
Launch 27,Google Ads,2/23/2024,3/2/2024,3127.67,155364,13690,2593,186366.92
Push 62,Facebook,3/16/2024,3/24/2024,1563.92,4240,244,88,2830.24
Promo 40,YouTube,6/22/2024,7/8/2024,111.7,27178,1936,797,50298.12
Promo 27,LinkedIn,8/7/2024,8/20/2024,2390.14,9302,458,17,1485.56
Boost 66,Google Ads,5/8/2024,5/29/2024,4549.09,122208,1621,62,4035.57
Blitz 53,Google Ads,7/25/2024,8/14/2024,167.06,102270,9962,1877,68649.42
Boost 65,Facebook,2/25/2024,3/4/2024,3481.05,39056,2759,326,25280.91
Blast 42,Email,4/15/2024,5/9/2024,4301.67,26300,2554,1146,67871.14
Blitz 23,Google Ads,5/17/2024,5/28/2024,1708.55,135260,504,94,6587.75
Boost 5,LinkedIn,1/5/2024,1/18/2024,2522.31,171008,15512,1107,93099.7
Blitz 62,Instagram,6/14/2024,7/13/2024,2716.98,97968,5132,1980,163363.42
Blast 52,YouTube,4/18/2024,5/7/2024,1247.29,52864,4446,1797,84724.81
Launch 79,Facebook,2/14/2024,2/24/2024,2399.35,10131,956,436,24646.19
Promo 26,YouTube,3/24/2024,4/16/2024,3196.04,198514,18361,1649,133286.17
Drive 6,Instagram,6/1/2024,6/23/2024,4479.95,163545,13252,6318,77889.27
Promo 54,Google Ads,1/28/2024,2/21/2024,833.84,180850,2835,1026,89342.85
Blitz 95,Facebook,3/29/2024,4/28/2024,4157.76,83111,4452,1581,56294.14
Push 5,Google Ads,3/17/2024,3/25/2024,3406.82,170082,12490,1177,23296.93
Blitz 63,LinkedIn,4/3/2024,4/27/2024,3565.28,55750,1489,260,12099.08
Boost 54,Facebook,4/18/2024,5/6/2024,3459.17,114547,1911,116,10804.96
Drive 69,Instagram,2/26/2024,3/18/2024,4773.73,109698,9464,4423,230815.22
Launch 58,Facebook,5/17/2024,6/16/2024,1711.93,190980,5098,1792,87329.36
Drive 96,Email,8/10/2024,9/1/2024,573.68,28011,130,57,887.71
